Title,Genre,Release Year,Language,Country/Region,Content Type,Rating,Category
North Harbor,Drama,2024,English,United States,Movie,TV-MA,Original
City Lights,Comedy,2023,English,Canada,Movie,TV-14,Original
The Quiet River,Thriller,2022,Spanish,Spain,TV Show,TV-MA,International
Golden Hour,Drama,2021,English,United Kingdom,TV Show,TV-14,Original
New Horizons,Documentary,2024,English,United States,Movie,TV-G,Original
Second Sun,Action,2023,Portuguese,Brazil,Movie,TV-MA,International
Whispering Pines,Drama,2022,English,United States,TV Show,TV-PG,Original
The World Below,Science Fiction,2024,English,Australia,Movie,TV-14,International
Echoes of Summer,Romance,2021,French,France,Movie,TV-14,International
Shadow Play,Thriller,2020,English,United States,TV Show,TV-MA,Original
